draw_idx,hiv.beta_m2f,hiv.rel_init_prev,hiv.dur_on_art,hiv.rel_death,hiv.rel_death_on_art,structuredsexual.prop_f0,structuredsexual.m2_conc,structuredsexual.dur_sw
0,0.02139880854013675,1.3433162125159153,17.260358918467347,0.5475322893196157,1.7526113035023725,0.7125446222932155,2.624466403464795,7.825363698871374
1,0.009613995367172841,0.4998893654446848,9.48666093784978,1.266396705770673,1.668481787436515,0.8472968711430267,4.524312089376924,9.9381239061461
2,0.0268322258234976,0.7592333551136712,22.405853402897947,1.0181235342487267,0.21191428195446937,0.5561608406374997,3.835722864072303,7.708540348488115
3,0.03390985524832775,1.441922989531539,21.47441360305175,2.093842994607398,1.7299578901061194,0.8711222729451817,4.786662764829304,2.7346102453767216
4,0.017803191057933435,0.8111549777411107,20.06221855038574,1.6215841457166302,0.5418136001620156,0.8927519029697373,6.2605505504174745,9.747342209448536
5,0.008412968468334918,1.2121801642179908,22.15813168374951,0.6723121503008916,0.4340078454837931,0.7109050080497784,7.763028672400946,5.191937650202852
6,0.012204992952695731,0.9043581420515086,15.031495714003025,1.1225477253835212,0.9977523369353926,0.8238799773235037,3.6420815575227445,7.371455645591401
7,0.019174489486766665,0.5493082800737472,24.479716006869253,2.0143503193484076,0.6934449827778526,0.8797050802247521,3.3083853791231177,12.708858310924422
8,0.010826223038596879,1.0892613586633373,14.186877699176954,0.8799526135246697,1.8704683252396932,0.6996402606947434,7.964402374001808,6.920193067966791
9,0.03913666161326648,0.8956388253628298,8.538457551488047,1.6794010329814766,0.5086650766086134,0.5794770026887315,5.916415346922251,4.180646134483373
10,0.015014698072229812,0.42544756631881064,23.585758077885313,0.9676261515434204,1.32261149485387,0.7550605239706094,5.177976341386819,2.8028975089172437
11,0.034927174738407625,0.6252561253806506,21.773874101933345,1.0931273161677981,1.308081325932984,0.8605679636822896,5.599993496902423,13.59671285576141
12,0.013194540772848373,1.4095126529751378,12.949337900415447,0.7431785575291945,1.2080654751979265,0.8566463862468774,2.7294070156544814,6.00702206589879
13,0.016817985432823895,0.7290937215784524,24.847017605721092,2.120974873600826,0.7467795445001991,0.7936999431440445,2.942171329941729,9.358384441432964
14,0.03960043873072967,0.8726768496288875,12.318120826948476,1.2508798052231271,0.7267364688404756,0.8215863674723571,6.112717279056558,4.730871607222525
15,0.026646548450125204,1.1041480875848129,23.0989033838086,1.5196647721321497,1.2694469183039094,0.5994316370939079,3.174042404747164,10.787461898966258
16,0.03620180145481129,0.5803882262715249,20.654617697070147,1.8956734819992587,0.22080171782632285,0.5877407179338393,7.421792428556003,3.5227315515459146
17,0.017284757795478712,1.2384470861843222,13.138856338495966,1.6074621140566432,1.1721187123244838,0.7481764576815835,4.232748286358561,10.126673752886278
18,0.02917016250532518,0.36360018491658547,11.613672166778796,1.8236375186960176,0.6149430939664757,0.772434760217209,3.3666290614907943,14.237069678678125
19,0.014372706169827578,0.7849588063730459,11.105385712328477,2.3046905938400117,1.8069002712666276,0.7276463437779457,4.305105815396275,4.958826718370565
20,0.027570371631444095,1.1718763028651915,22.81963971946974,0.623482160819439,1.5291657822611382,0.6288169794113514,2.205343754413593,14.111411780279337
21,0.03035607011292335,1.3115323938642358,18.127283025180944,2.220217072882445,1.0825734054306182,0.7194762794097156,7.107528410660615,13.310078006329249
22,0.025555324388408227,0.6980249970539756,9.021522235070396,2.1660002936431644,0.36243347536961923,0.7607842910512705,7.362085108006073,8.500534096885096
23,0.018373547891935127,1.0611302951742103,10.166084025232974,2.4625916999441975,1.0496925133448252,0.6370307956208374,5.0236866405530485,3.277044003223544
24,0.015844903383650095,1.03172665529426,18.229243214057313,2.381232058156365,1.160602304604646,0.6618608886477957,5.424321240735936,3.9501624238970674
25,0.03286100420998681,1.0018067133670943,9.95901092340847,1.4288617177518703,0.32042312270411977,0.6768265771866437,6.5450624473650105,10.411796674403687
26,0.03756914655864843,0.4638899292005625,15.74821567550573,1.795189445741681,1.8240406593496232,0.8741066079315821,5.624437888398761,12.168448881703396
27,0.02320974849473522,0.3741446111771322,12.439589028105804,0.5168311179841548,0.5772106631814415,0.6411514899948125,7.734643574577211,6.3775548311404044
28,0.013648116031508558,0.516055729238242,21.036004833112926,0.9055458796524987,1.368320902213036,0.686524096073253,5.83338639506164,6.5718736137185445
29,0.03197970467609892,0.9956302042424308,15.20787877283275,1.4828162203624422,1.4008064897529813,0.6643542968213508,7.208802139209279,11.802985712356307
30,0.03790687411815343,0.7528331080651189,18.668018312611935,1.3698699513089374,0.9184629330267022,0.8414343341649968,5.991912338120704,3.7419993353088157
31,0.028138196290757575,1.3025890430794917,19.89304014995322,2.4573485484981217,1.96941287885823,0.8010727658575358,6.435730173697179,2.3844486904061455
32,0.02286148945333184,0.6394271145232389,10.55670394123191,2.275384527559517,0.8774722360890223,0.5611292176305781,4.971514148358498,13.083797122088729
33,0.036754768175986635,1.2696757463974981,8.284075436139407,1.7752141240799595,1.4687196160760023,0.7751571052917512,2.5681193200212133,8.37174889986368
34,0.009198816493617527,0.4157226257696129,14.758679105647994,0.8577598037459062,1.465337355816457,0.5746539152670533,3.533420111407397,5.896515746133366
35,0.031057901240688416,0.48105661792218146,19.40703728206608,2.045882341472806,0.828879216790639,0.898844683596193,4.102253221337492,11.37442935778396
36,0.011310171670620445,0.8485057907061131,16.159202932775703,1.0246921191041385,1.5454456230348372,0.5668022982384381,2.399745305010785,4.432266402057294
37,0.020000257353563426,1.4804054690824144,23.86597265810395,1.3813204055801092,1.0910947501600925,0.6539443265787782,7.573514523688373,5.4757001984601015
38,0.022272586306353082,1.3647875848145334,8.844146085279148,0.6039210208022704,0.6406440936117638,0.8079991805660469,6.858956732345967,7.13191132386293
39,0.025087795889491317,0.5968805670923957,19.12488320506386,1.9149227420459645,1.5852761796386896,0.6079928046254537,3.7692400706251448,7.9875939907078095
40,0.03564027470102567,1.124351496517565,20.55317086480249,0.720966126620975,1.9220064788596636,0.6214291277004019,3.9704037991009193,8.983780410787714
41,0.01058775160465475,1.158944689830203,10.989240862638866,0.78857864200919,1.9496063395058763,0.7388114616643733,2.0556959753658743,12.10916301478697
42,0.02076353416237254,0.9519349195153484,17.76420150502146,1.5448424116356563,1.6490836692137096,0.7832390737139203,3.0185791943692943,9.153025775671413
43,0.007598330817496747,0.9332751310714793,16.78254928177146,1.2032205018891666,0.2704360550657259,0.5955592510953881,2.35536162516957,10.916713838076145
44,0.0242255782618733,0.32218461976137686,11.781418684618803,1.305008277843688,0.1320637153088683,0.6185381393081393,6.730830284608029,2.0871436007674955
45,0.029591085564323702,1.3880004913159478,13.511954060841536,1.7153452171624528,0.7843796242458874,0.8097940923424952,6.953475800104577,12.543423779132949
46,0.007058051460249447,0.6748347355782103,14.081290033318298,2.3518058710581835,0.9704682236851018,0.6905555257197293,6.6448092767337394,13.78154608267953
47,0.005645361661968946,0.3363040329360708,24.30224861979175,2.2104213430484982,0.15823667645139425,0.7400430047675679,4.438911701909825,11.263986922358356
48,0.03361910160652257,1.4522270340070653,16.912488844524926,1.1505115874631606,0.451845379557554,0.6723268712996117,4.727843740489897,14.701175969905085
49,0.00587296245622022,1.1925677944397932,16.49905691368899,1.9747711981763927,0.36904276866139807,0.8307336095354549,5.30127117302526,14.994319448823013
